# tapvid golden hashes, numerics 0.1.0-dev
rng	normal	4f08a1a62ac0f818
ingest	frames	87af3523401cd180
ingest	qc	f8dd5db8e87e7680
preprocess	gain_trace	c65c4c077d65697c
preprocess	gain_qc	524aa61f8e90113e
preprocess	svd_scores	25a81ddce36cb2ad
video	signal	3f1d233ad74825f2
video	selection	5694e2f3034f6f40
video	boundaries	df585805fffc41bf
video	qc	c0fa2d5ca0bec45c
video	features	aee1e1f971c98089
video	params_hash	110dc47239365210
svd	singular_values	9ce3b78491c549b1
svd	scores	a6e5ed983a4d5b89
svd	loadings	9f46ee86a1fef0e0
synth	timestamps	c5aadf5d5172e8e9
synth	values	cd1c6081806c717d
resample	values	e896870e9c775ab7
phase	boundaries	a3420afc54241a9d
phase	amplitudes	bcf41859d3f97b05
phase	summary	6d46aeb5348b1398
welch-fundamental	power	0c1e177021f650e1
select-fundamental	periodicity	18f75372390e0412
phase-fundamental	boundaries	86b90036a0353053
welch-harmonic	power	68f6e58279892c2d
select-harmonic	periodicity	e1adc377221f21d7
phase-harmonic	boundaries	29204b12226f5d83
