scalars/sigmas	f64	7	0	7	
scalars/P	f64	7	7	7	
scalars/Q	f64	5	14	5	
scalars/xi_max	f64	5	19	5	
scalars/sigma_psi	f64	5	24	5	
scalars/pair_xi	f64	5	29	5	
scalars/pair_sigma	f64	5	34	5	
scalars/maxsub	f64	5	39	5	
morlet/meta	f64	5,3	44	15	
morlet/values/1	f64	256	59	256	
morlet/values/2	f64	256	315	256	
morlet/values/3	f64	512	571	512	
morlet/values/4	f64	1024	1083	1024	
morlet/values/5	f64	128	2107	128	
gauss/meta	f64	4,2	2235	8	
gauss/values/1	f64	256	2243	256	
gauss/values/2	f64	512	2499	512	
gauss/values/3	f64	1024	3011	1024	
gauss/values/4	f64	128	4035	128	
tsupp/meta	f64	3,2	4163	6	
tsupp/values	f64	3	4169	3	
generator/meta	f64	6,2	4172	12	
generator/xi/1	f64	7	4184	7	
generator/xi/2	f64	38	4191	38	
generator/xi/3	f64	54	4229	54	
generator/xi/4	f64	21	4283	21	
generator/xi/5	f64	31	4304	31	
generator/xi/6	f64	13	4335	13	
generator/sigma/1	f64	7	4348	7	
generator/sigma/2	f64	38	4355	38	
generator/sigma/3	f64	54	4393	54	
generator/sigma/4	f64	21	4447	21	
generator/sigma/5	f64	31	4468	31	
generator/sigma/6	f64	13	4499	13	
factory/1/cfg	f64	5	4512	5	
factory/1/phi/j	f64	1	4517	1	
factory/1/phi/sigma	f64	1	4518	1	
factory/1/phi/levels/1	f64	2048	4519	2048	
factory/1/phi/levels/2	f64	1024	6567	1024	
factory/1/phi/levels/3	f64	512	7591	512	
factory/1/phi/levels/4	f64	256	8103	256	
factory/1/phi/levels/5	f64	128	8359	128	
factory/1/phi/levels/6	f64	64	8487	64	
factory/1/phi/levels/7	f64	32	8551	32	
factory/1/psi1/xi	f64	38	8583	38	
factory/1/psi1/sigma	f64	38	8621	38	
factory/1/psi1/j	f64	38	8659	38	
factory/1/psi1/levels/1/1	f64	2048	8697	2048	
factory/1/psi1/levels/2/1	f64	2048	10745	2048	
factory/1/psi1/levels/3/1	f64	2048	12793	2048	
factory/1/psi1/levels/4/1	f64	2048	14841	2048	
factory/1/psi1/levels/5/1	f64	2048	16889	2048	
factory/1/psi1/levels/6/1	f64	2048	18937	2048	
factory/1/psi1/levels/7/1	f64	2048	20985	2048	
factory/1/psi1/levels/8/1	f64	2048	23033	2048	
factory/1/psi1/levels/9/1	f64	2048	25081	2048	
factory/1/psi1/levels/10/1	f64	2048	27129	2048	
factory/1/psi1/levels/11/1	f64	2048	29177	2048	
factory/1/psi1/levels/12/1	f64	2048	31225	2048	
factory/1/psi1/levels/13/1	f64	2048	33273	2048	
factory/1/psi1/levels/14/1	f64	2048	35321	2048	
factory/1/psi1/levels/15/1	f64	2048	37369	2048	
factory/1/psi1/levels/16/1	f64	2048	39417	2048	
factory/1/psi1/levels/17/1	f64	2048	41465	2048	
factory/1/psi1/levels/18/1	f64	2048	43513	2048	
factory/1/psi1/levels/19/1	f64	2048	45561	2048	
factory/1/psi1/levels/20/1	f64	2048	47609	2048	
factory/1/psi1/levels/21/1	f64	2048	49657	2048	
factory/1/psi1/levels/22/1	f64	2048	51705	2048	
factory/1/psi1/levels/23/1	f64	2048	53753	2048	
factory/1/psi1/levels/24/1	f64	2048	55801	2048	
factory/1/psi1/levels/25/1	f64	2048	57849	2048	
factory/1/psi1/levels/26/1	f64	2048	59897	2048	
factory/1/psi1/levels/27/1	f64	2048	61945	2048	
factory/1/psi1/levels/28/1	f64	2048	63993	2048	
factory/1/psi1/levels/29/1	f64	2048	66041	2048	
factory/1/psi1/levels/30/1	f64	2048	68089	2048	
factory/1/psi1/levels/31/1	f64	2048	70137	2048	
factory/1/psi1/levels/32/1	f64	2048	72185	2048	
factory/1/psi1/levels/33/1	f64	2048	74233	2048	
factory/1/psi1/levels/34/1	f64	2048	76281	2048	
factory/1/psi1/levels/35/1	f64	2048	78329	2048	
factory/1/psi1/levels/36/1	f64	2048	80377	2048	
factory/1/psi1/levels/37/1	f64	2048	82425	2048	
factory/1/psi1/levels/38/1	f64	2048	84473	2048	
factory/1/psi2/xi	f64	7	86521	7	
factory/1/psi2/sigma	f64	7	86528	7	
factory/1/psi2/j	f64	7	86535	7	
factory/1/psi2/levels/1/1	f64	2048	86542	2048	
factory/1/psi2/levels/2/1	f64	2048	88590	2048	
factory/1/psi2/levels/3/1	f64	2048	90638	2048	
factory/1/psi2/levels/4/1	f64	2048	92686	2048	
factory/1/psi2/levels/5/1	f64	2048	94734	2048	
factory/1/psi2/levels/5/2	f64	1024	96782	1024	
factory/1/psi2/levels/6/1	f64	2048	97806	2048	
factory/1/psi2/levels/6/2	f64	1024	99854	1024	
factory/1/psi2/levels/6/3	f64	512	100878	512	
factory/1/psi2/levels/7/1	f64	2048	101390	2048	
factory/1/psi2/levels/7/2	f64	1024	103438	1024	
factory/1/psi2/levels/7/3	f64	512	104462	512	
factory/1/psi2/levels/7/4	f64	256	104974	256	
factory/2/cfg	f64	5	105230	5	
factory/2/phi/j	f64	1	105235	1	
factory/2/phi/sigma	f64	1	105236	1	
factory/2/phi/levels/1	f64	1024	105237	1024	
factory/2/phi/levels/2	f64	512	106261	512	
factory/2/phi/levels/3	f64	256	106773	256	
factory/2/phi/levels/4	f64	128	107029	128	
factory/2/phi/levels/5	f64	64	107157	64	
factory/2/phi/levels/6	f64	32	107221	32	
factory/2/psi1/xi	f64	18	107253	18	
factory/2/psi1/sigma	f64	18	107271	18	
factory/2/psi1/j	f64	18	107289	18	
factory/2/psi1/levels/1/1	f64	1024	107307	1024	
factory/2/psi1/levels/2/1	f64	1024	108331	1024	
factory/2/psi1/levels/3/1	f64	1024	109355	1024	
factory/2/psi1/levels/4/1	f64	1024	110379	1024	
factory/2/psi1/levels/5/1	f64	1024	111403	1024	
factory/2/psi1/levels/6/1	f64	1024	112427	1024	
factory/2/psi1/levels/7/1	f64	1024	113451	1024	
factory/2/psi1/levels/8/1	f64	1024	114475	1024	
factory/2/psi1/levels/9/1	f64	1024	115499	1024	
factory/2/psi1/levels/10/1	f64	1024	116523	1024	
factory/2/psi1/levels/11/1	f64	1024	117547	1024	
factory/2/psi1/levels/12/1	f64	1024	118571	1024	
factory/2/psi1/levels/13/1	f64	1024	119595	1024	
factory/2/psi1/levels/14/1	f64	1024	120619	1024	
factory/2/psi1/levels/15/1	f64	1024	121643	1024	
factory/2/psi1/levels/16/1	f64	1024	122667	1024	
factory/2/psi1/levels/17/1	f64	1024	123691	1024	
factory/2/psi1/levels/18/1	f64	1024	124715	1024	
factory/2/psi2/xi	f64	11	125739	11	
factory/2/psi2/sigma	f64	11	125750	11	
factory/2/psi2/j	f64	11	125761	11	
factory/2/psi2/levels/1/1	f64	1024	125772	1024	
factory/2/psi2/levels/2/1	f64	1024	126796	1024	
factory/2/psi2/levels/3/1	f64	1024	127820	1024	
factory/2/psi2/levels/4/1	f64	1024	128844	1024	
factory/2/psi2/levels/5/1	f64	1024	129868	1024	
factory/2/psi2/levels/6/1	f64	1024	130892	1024	
factory/2/psi2/levels/7/1	f64	1024	131916	1024	
factory/2/psi2/levels/7/2	f64	512	132940	512	
factory/2/psi2/levels/8/1	f64	1024	133452	1024	
factory/2/psi2/levels/8/2	f64	512	134476	512	
factory/2/psi2/levels/9/1	f64	1024	134988	1024	
factory/2/psi2/levels/9/2	f64	512	136012	512	
factory/2/psi2/levels/9/3	f64	256	136524	256	
factory/2/psi2/levels/10/1	f64	1024	136780	1024	
factory/2/psi2/levels/10/2	f64	512	137804	512	
factory/2/psi2/levels/10/3	f64	256	138316	256	
factory/2/psi2/levels/11/1	f64	1024	138572	1024	
factory/2/psi2/levels/11/2	f64	512	139596	512	
factory/2/psi2/levels/11/3	f64	256	140108	256	
factory/2/psi2/levels/11/4	f64	128	140364	128	
factory/3/cfg	f64	5	140492	5	
factory/3/phi/j	f64	1	140497	1	
factory/3/phi/sigma	f64	1	140498	1	
factory/3/phi/levels/1	f64	4096	140499	4096	
factory/3/phi/levels/2	f64	2048	144595	2048	
factory/3/phi/levels/3	f64	1024	146643	1024	
factory/3/phi/levels/4	f64	512	147667	512	
factory/3/phi/levels/5	f64	256	148179	256	
factory/3/phi/levels/6	f64	128	148435	128	
factory/3/phi/levels/7	f64	64	148563	64	
factory/3/phi/levels/8	f64	32	148627	32	
factory/3/phi/levels/9	f64	16	148659	16	
factory/3/psi1/xi	f64	54	148675	54	
factory/3/psi1/sigma	f64	54	148729	54	
factory/3/psi1/j	f64	54	148783	54	
factory/3/psi1/levels/1/1	f64	4096	148837	4096	
factory/3/psi1/levels/2/1	f64	4096	152933	4096	
factory/3/psi1/levels/3/1	f64	4096	157029	4096	
factory/3/psi1/levels/4/1	f64	4096	161125	4096	
factory/3/psi1/levels/5/1	f64	4096	165221	4096	
factory/3/psi1/levels/6/1	f64	4096	169317	4096	
factory/3/psi1/levels/7/1	f64	4096	173413	4096	
factory/3/psi1/levels/8/1	f64	4096	177509	4096	
factory/3/psi1/levels/9/1	f64	4096	181605	4096	
factory/3/psi1/levels/10/1	f64	4096	185701	4096	
factory/3/psi1/levels/11/1	f64	4096	189797	4096	
factory/3/psi1/levels/12/1	f64	4096	193893	4096	
factory/3/psi1/levels/13/1	f64	4096	197989	4096	
factory/3/psi1/levels/14/1	f64	4096	202085	4096	
factory/3/psi1/levels/15/1	f64	4096	206181	4096	
factory/3/psi1/levels/16/1	f64	4096	210277	4096	
factory/3/psi1/levels/17/1	f64	4096	214373	4096	
factory/3/psi1/levels/18/1	f64	4096	218469	4096	
factory/3/psi1/levels/19/1	f64	4096	222565	4096	
factory/3/psi1/levels/20/1	f64	4096	226661	4096	
factory/3/psi1/levels/21/1	f64	4096	230757	4096	
factory/3/psi1/levels/22/1	f64	4096	234853	4096	
factory/3/psi1/levels/23/1	f64	4096	238949	4096	
factory/3/psi1/levels/24/1	f64	4096	243045	4096	
factory/3/psi1/levels/25/1	f64	4096	247141	4096	
factory/3/psi1/levels/26/1	f64	4096	251237	4096	
factory/3/psi1/levels/27/1	f64	4096	255333	4096	
factory/3/psi1/levels/28/1	f64	4096	259429	4096	
factory/3/psi1/levels/29/1	f64	4096	263525	4096	
factory/3/psi1/levels/30/1	f64	4096	267621	4096	
factory/3/psi1/levels/31/1	f64	4096	271717	4096	
factory/3/psi1/levels/32/1	f64	4096	275813	4096	
factory/3/psi1/levels/33/1	f64	4096	279909	4096	
factory/3/psi1/levels/34/1	f64	4096	284005	4096	
factory/3/psi1/levels/35/1	f64	4096	288101	4096	
factory/3/psi1/levels/36/1	f64	4096	292197	4096	
factory/3/psi1/levels/37/1	f64	4096	296293	4096	
factory/3/psi1/levels/38/1	f64	4096	300389	4096	
factory/3/psi1/levels/39/1	f64	4096	304485	4096	
factory/3/psi1/levels/40/1	f64	4096	308581	4096	
factory/3/psi1/levels/41/1	f64	4096	312677	4096	
factory/3/psi1/levels/42/1	f64	4096	316773	4096	
factory/3/psi1/levels/43/1	f64	4096	320869	4096	
factory/3/psi1/levels/44/1	f64	4096	324965	4096	
factory/3/psi1/levels/45/1	f64	4096	329061	4096	
factory/3/psi1/levels/46/1	f64	4096	333157	4096	
factory/3/psi1/levels/47/1	f64	4096	337253	4096	
factory/3/psi1/levels/48/1	f64	4096	341349	4096	
factory/3/psi1/levels/49/1	f64	4096	345445	4096	
factory/3/psi1/levels/50/1	f64	4096	349541	4096	
factory/3/psi1/levels/51/1	f64	4096	353637	4096	
factory/3/psi1/levels/52/1	f64	4096	357733	4096	
factory/3/psi1/levels/53/1	f64	4096	361829	4096	
factory/3/psi1/levels/54/1	f64	4096	365925	4096	
factory/3/psi2/xi	f64	17	370021	17	
factory/3/psi2/sigma	f64	17	370038	17	
factory/3/psi2/j	f64	17	370055	17	
factory/3/psi2/levels/1/1	f64	4096	370072	4096	
factory/3/psi2/levels/2/1	f64	4096	374168	4096	
factory/3/psi2/levels/3/1	f64	4096	378264	4096	
factory/3/psi2/levels/4/1	f64	4096	382360	4096	
factory/3/psi2/levels/5/1	f64	4096	386456	4096	
factory/3/psi2/levels/6/1	f64	4096	390552	4096	
factory/3/psi2/levels/7/1	f64	4096	394648	4096	
factory/3/psi2/levels/7/2	f64	2048	398744	2048	
factory/3/psi2/levels/8/1	f64	4096	400792	4096	
factory/3/psi2/levels/8/2	f64	2048	404888	2048	
factory/3/psi2/levels/9/1	f64	4096	406936	4096	
factory/3/psi2/levels/9/2	f64	2048	411032	2048	
factory/3/psi2/levels/9/3	f64	1024	413080	1024	
factory/3/psi2/levels/10/1	f64	4096	414104	4096	
factory/3/psi2/levels/10/2	f64	2048	418200	2048	
factory/3/psi2/levels/10/3	f64	1024	420248	1024	
factory/3/psi2/levels/11/1	f64	4096	421272	4096	
factory/3/psi2/levels/11/2	f64	2048	425368	2048	
factory/3/psi2/levels/11/3	f64	1024	427416	1024	
factory/3/psi2/levels/11/4	f64	512	428440	512	
factory/3/psi2/levels/12/1	f64	4096	428952	4096	
factory/3/psi2/levels/12/2	f64	2048	433048	2048	
factory/3/psi2/levels/12/3	f64	1024	435096	1024	
factory/3/psi2/levels/12/4	f64	512	436120	512	
factory/3/psi2/levels/13/1	f64	4096	436632	4096	
factory/3/psi2/levels/13/2	f64	2048	440728	2048	
factory/3/psi2/levels/13/3	f64	1024	442776	1024	
factory/3/psi2/levels/13/4	f64	512	443800	512	
factory/3/psi2/levels/13/5	f64	256	444312	256	
factory/3/psi2/levels/14/1	f64	4096	444568	4096	
factory/3/psi2/levels/14/2	f64	2048	448664	2048	
factory/3/psi2/levels/14/3	f64	1024	450712	1024	
factory/3/psi2/levels/14/4	f64	512	451736	512	
factory/3/psi2/levels/14/5	f64	256	452248	256	
factory/3/psi2/levels/15/1	f64	4096	452504	4096	
factory/3/psi2/levels/15/2	f64	2048	456600	2048	
factory/3/psi2/levels/15/3	f64	1024	458648	1024	
factory/3/psi2/levels/15/4	f64	512	459672	512	
factory/3/psi2/levels/15/5	f64	256	460184	256	
factory/3/psi2/levels/15/6	f64	128	460440	128	
factory/3/psi2/levels/16/1	f64	4096	460568	4096	
factory/3/psi2/levels/16/2	f64	2048	464664	2048	
factory/3/psi2/levels/16/3	f64	1024	466712	1024	
factory/3/psi2/levels/16/4	f64	512	467736	512	
factory/3/psi2/levels/16/5	f64	256	468248	256	
factory/3/psi2/levels/16/6	f64	128	468504	128	
factory/3/psi2/levels/17/1	f64	4096	468632	4096	
factory/3/psi2/levels/17/2	f64	2048	472728	2048	
factory/3/psi2/levels/17/3	f64	1024	474776	1024	
factory/3/psi2/levels/17/4	f64	512	475800	512	
factory/3/psi2/levels/17/5	f64	256	476312	256	
factory/3/psi2/levels/17/6	f64	128	476568	128	
factory/3/psi2/levels/17/7	f64	64	476696	64	
factory/4/cfg	f64	5	476760	5	
factory/4/phi/j	f64	1	476765	1	
factory/4/phi/sigma	f64	1	476766	1	
factory/4/phi/levels/1	f64	512	476767	512	
factory/4/phi/levels/2	f64	256	477279	256	
factory/4/phi/levels/3	f64	128	477535	128	
factory/4/phi/levels/4	f64	64	477663	64	
factory/4/phi/levels/5	f64	32	477727	32	
factory/4/psi1/xi	f64	5	477759	5	
factory/4/psi1/sigma	f64	5	477764	5	
factory/4/psi1/j	f64	5	477769	5	
factory/4/psi1/levels/1/1	f64	512	477774	512	
factory/4/psi1/levels/2/1	f64	512	478286	512	
factory/4/psi1/levels/3/1	f64	512	478798	512	
factory/4/psi1/levels/4/1	f64	512	479310	512	
factory/4/psi1/levels/5/1	f64	512	479822	512	
factory/4/psi2/xi	f64	5	480334	5	
factory/4/psi2/sigma	f64	5	480339	5	
factory/4/psi2/j	f64	5	480344	5	
factory/4/psi2/levels/1/1	f64	512	480349	512	
factory/4/psi2/levels/2/1	f64	512	480861	512	
factory/4/psi2/levels/3/1	f64	512	481373	512	
factory/4/psi2/levels/4/1	f64	512	481885	512	
factory/4/psi2/levels/5/1	f64	512	482397	512	
factory/4/psi2/levels/5/2	f64	256	482909	256	
