1/n	f64	1	0	1	
1/J	f64	1	1	1	
1/Q	f64	2	2	2	
1/max_order	f64	1	4	1	
1/stride	null		0	0	
1/T	null		0	0	
1/out_type	str	1	0	1	array
1/x	f64	2048	5	2048	
1/meta/order	f64	126	2053	126	
1/meta/n	f64	126,2	2179	252	
1/meta/j	f64	126,2	2431	252	
1/meta/xi	f64	126,2	2683	252	
1/out	f64	126,32	2935	4032	
2/n	f64	1	6967	1	
2/J	f64	1	6968	1	
2/Q	f64	2	6969	2	
2/max_order	f64	1	6971	1	
2/stride	null		0	0	
2/T	null		0	0	
2/out_type	str	1	0	1	array
2/x	f64	2048	6972	2048	
2/meta/order	f64	126	9020	126	
2/meta/n	f64	126,2	9146	252	
2/meta/j	f64	126,2	9398	252	
2/meta/xi	f64	126,2	9650	252	
2/out	f64	126,32	9902	4032	
3/n	f64	1	13934	1	
3/J	f64	1	13935	1	
3/Q	f64	2	13936	2	
3/max_order	f64	1	13938	1	
3/stride	null		0	0	
3/T	f64	1	13939	1	
3/out_type	str	1	0	1	array
3/x	f64	1024	13940	1024	
3/meta/order	f64	90	14964	90	
3/meta/n	f64	90,2	15054	180	
3/meta/j	f64	90,2	15234	180	
3/meta/xi	f64	90,2	15414	180	
3/out	f64	90,32	15594	2880	
4/n	f64	1	18474	1	
4/J	f64	1	18475	1	
4/Q	f64	2	18476	2	
4/max_order	f64	1	18478	1	
4/stride	null		0	0	
4/T	null		0	0	
4/out_type	str	1	0	1	array
4/x	f64	4096	18479	4096	
4/meta/order	f64	466	22575	466	
4/meta/n	f64	466,2	23041	932	
4/meta/j	f64	466,2	23973	932	
4/meta/xi	f64	466,2	24905	932	
4/out	f64	466,16	25837	7456	
5/n	f64	1	33293	1	
5/J	f64	1	33294	1	
5/Q	f64	2	33295	2	
5/max_order	f64	1	33297	1	
5/stride	null		0	0	
5/T	null		0	0	
5/out_type	str	1	0	1	array
5/x	f64	2048	33298	2048	
5/meta/order	f64	8	35346	8	
5/meta/n	f64	8,1	35354	8	
5/meta/j	f64	8,1	35362	8	
5/meta/xi	f64	8,1	35370	8	
5/out	f64	8,32	35378	256	
6/n	f64	1	35634	1	
6/J	f64	1	35635	1	
6/Q	f64	2	35636	2	
6/max_order	f64	1	35638	1	
6/stride	f64	1	35639	1	
6/T	null		0	0	
6/out_type	str	1	0	1	array
6/x	f64	2048	35640	2048	
6/meta/order	f64	126	37688	126	
6/meta/n	f64	126,2	37814	252	
6/meta/j	f64	126,2	38066	252	
6/meta/xi	f64	126,2	38318	252	
6/out	f64	126,128	38570	16128	
7/n	f64	1	54698	1	
7/J	f64	1	54699	1	
7/Q	f64	2	54700	2	
7/max_order	f64	1	54702	1	
7/stride	null		0	0	
7/T	str	1	0	1	global
7/out_type	str	1	0	1	array
7/x	f64	2048	54703	2048	
7/meta/order	f64	126	56751	126	
7/meta/n	f64	126,2	56877	252	
7/meta/j	f64	126,2	57129	252	
7/meta/xi	f64	126,2	57381	252	
7/out	f64	126,1	57633	126	
8/n	f64	1	57759	1	
8/J	f64	1	57760	1	
8/Q	f64	2	57761	2	
8/max_order	f64	1	57763	1	
8/stride	null		0	0	
8/T	null		0	0	
8/out_type	str	1	0	1	array
8/x	f64	512	57764	512	
8/meta/order	f64	13	58276	13	
8/meta/n	f64	13,2	58289	26	
8/meta/j	f64	13,2	58315	26	
8/meta/xi	f64	13,2	58341	26	
8/out	f64	13,32	58367	416	
9/n	f64	1	58783	1	
9/J	f64	1	58784	1	
9/Q	f64	2	58785	2	
9/max_order	f64	1	58787	1	
9/stride	null		0	0	
9/T	f64	1	58788	1	
9/out_type	str	1	0	1	array
9/x	f64	3000	58789	3000	
9/meta/order	f64	251	61789	251	
9/meta/n	f64	251,2	62040	502	
9/meta/j	f64	251,2	62542	502	
9/meta/xi	f64	251,2	63044	502	
9/out	f64	251,47	63546	11797	
10/n	f64	1	75343	1	
10/J	f64	1	75344	1	
10/Q	f64	2	75345	2	
10/max_order	f64	1	75347	1	
10/stride	null		0	0	
10/T	f64	1	75348	1	
10/out_type	str	1	0	1	list
10/x	f64	2048	75349	2048	
10/meta/order	f64	126	77397	126	
10/meta/n	f64	126,2	77523	252	
10/meta/j	f64	126,2	77775	252	
10/meta/xi	f64	126,2	78027	252	
10/out/1	f64	2048	78279	2048	
10/out/2	f64	2048	80327	2048	
10/out/3	f64	2048	82375	2048	
10/out/4	f64	2048	84423	2048	
10/out/5	f64	2048	86471	2048	
10/out/6	f64	2048	88519	2048	
10/out/7	f64	2048	90567	2048	
10/out/8	f64	2048	92615	2048	
10/out/9	f64	2048	94663	2048	
10/out/10	f64	2048	96711	2048	
10/out/11	f64	2048	98759	2048	
10/out/12	f64	1024	100807	1024	
10/out/13	f64	1024	101831	1024	
10/out/14	f64	1024	102855	1024	
10/out/15	f64	1024	103879	1024	
10/out/16	f64	1024	104903	1024	
10/out/17	f64	1024	105927	1024	
10/out/18	f64	1024	106951	1024	
10/out/19	f64	1024	107975	1024	
10/out/20	f64	512	108999	512	
10/out/21	f64	512	109511	512	
10/out/22	f64	512	110023	512	
10/out/23	f64	512	110535	512	
10/out/24	f64	512	111047	512	
10/out/25	f64	512	111559	512	
10/out/26	f64	512	112071	512	
10/out/27	f64	512	112583	512	
10/out/28	f64	256	113095	256	
10/out/29	f64	256	113351	256	
10/out/30	f64	256	113607	256	
10/out/31	f64	256	113863	256	
10/out/32	f64	256	114119	256	
10/out/33	f64	256	114375	256	
10/out/34	f64	256	114631	256	
10/out/35	f64	128	114887	128	
10/out/36	f64	128	115015	128	
10/out/37	f64	128	115143	128	
10/out/38	f64	128	115271	128	
10/out/39	f64	64	115399	64	
10/out/40	f64	1024	115463	1024	
10/out/41	f64	512	116487	512	
10/out/42	f64	256	116999	256	
10/out/43	f64	128	117255	128	
10/out/44	f64	1024	117383	1024	
10/out/45	f64	512	118407	512	
10/out/46	f64	256	118919	256	
10/out/47	f64	128	119175	128	
10/out/48	f64	1024	119303	1024	
10/out/49	f64	512	120327	512	
10/out/50	f64	256	120839	256	
10/out/51	f64	128	121095	128	
10/out/52	f64	1024	121223	1024	
10/out/53	f64	512	122247	512	
10/out/54	f64	256	122759	256	
10/out/55	f64	128	123015	128	
10/out/56	f64	1024	123143	1024	
10/out/57	f64	512	124167	512	
10/out/58	f64	256	124679	256	
10/out/59	f64	128	124935	128	
10/out/60	f64	1024	125063	1024	
10/out/61	f64	512	126087	512	
10/out/62	f64	256	126599	256	
10/out/63	f64	128	126855	128	
10/out/64	f64	1024	126983	1024	
10/out/65	f64	512	128007	512	
10/out/66	f64	256	128519	256	
10/out/67	f64	128	128775	128	
10/out/68	f64	1024	128903	1024	
10/out/69	f64	512	129927	512	
10/out/70	f64	256	130439	256	
10/out/71	f64	128	130695	128	
10/out/72	f64	1024	130823	1024	
10/out/73	f64	512	131847	512	
10/out/74	f64	256	132359	256	
10/out/75	f64	128	132615	128	
10/out/76	f64	1024	132743	1024	
10/out/77	f64	512	133767	512	
10/out/78	f64	256	134279	256	
10/out/79	f64	128	134535	128	
10/out/80	f64	512	134663	512	
10/out/81	f64	256	135175	256	
10/out/82	f64	128	135431	128	
10/out/83	f64	512	135559	512	
10/out/84	f64	256	136071	256	
10/out/85	f64	128	136327	128	
10/out/86	f64	512	136455	512	
10/out/87	f64	256	136967	256	
10/out/88	f64	128	137223	128	
10/out/89	f64	512	137351	512	
10/out/90	f64	256	137863	256	
10/out/91	f64	128	138119	128	
10/out/92	f64	512	138247	512	
10/out/93	f64	256	138759	256	
10/out/94	f64	128	139015	128	
10/out/95	f64	512	139143	512	
10/out/96	f64	256	139655	256	
10/out/97	f64	128	139911	128	
10/out/98	f64	512	140039	512	
10/out/99	f64	256	140551	256	
10/out/100	f64	128	140807	128	
10/out/101	f64	512	140935	512	
10/out/102	f64	256	141447	256	
10/out/103	f64	128	141703	128	
10/out/104	f64	256	141831	256	
10/out/105	f64	128	142087	128	
10/out/106	f64	256	142215	256	
10/out/107	f64	128	142471	128	
10/out/108	f64	256	142599	256	
10/out/109	f64	128	142855	128	
10/out/110	f64	256	142983	256	
10/out/111	f64	128	143239	128	
10/out/112	f64	256	143367	256	
10/out/113	f64	128	143623	128	
10/out/114	f64	256	143751	256	
10/out/115	f64	128	144007	128	
10/out/116	f64	256	144135	256	
10/out/117	f64	128	144391	128	
10/out/118	f64	256	144519	256	
10/out/119	f64	128	144775	128	
10/out/120	f64	128	144903	128	
10/out/121	f64	128	145031	128	
10/out/122	f64	128	145159	128	
10/out/123	f64	128	145287	128	
10/out/124	f64	128	145415	128	
10/out/125	f64	128	145543	128	
10/out/126	f64	128	145671	128	
11/n	f64	1	145799	1	
11/J	f64	1	145800	1	
11/Q	f64	2	145801	2	
11/max_order	f64	1	145803	1	
11/stride	null		0	0	
11/T	f64	1	145804	1	
11/out_type	str	1	0	1	array
11/x	f64	1500	145805	1500	
11/meta/order	f64	126	147305	126	
11/meta/n	f64	126,2	147431	252	
11/meta/j	f64	126,2	147683	252	
11/meta/xi	f64	126,2	147935	252	
11/out	f64	126,93	148187	11718	
12/n	f64	1	159905	1	
12/J	f64	1	159906	1	
12/Q	f64	2	159907	2	
12/max_order	f64	1	159909	1	
12/stride	null		0	0	
12/T	null		0	0	
12/out_type	str	1	0	1	array
12/x	f64	8192	159910	8192	
12/meta/order	f64	598	168102	598	
12/meta/n	f64	598,2	168700	1196	
12/meta/j	f64	598,2	169896	1196	
12/meta/xi	f64	598,2	171092	1196	
12/out	f64	598,16	172288	9568	
