# wavscat-core golden hashes, numerics 0.1.0-dev
kinematic-1800-J8-Tsec1	coefs	3b8854d00417ddea
kinematic-1800-J8-Tsec1	Mean	089c7935baa8205b
kinematic-1800-J8-Tsec1	Sd	33cdde5224cf872b
kinematic-1800-J8-Tsec1	Median	84726c0c69ba66fe
kinematic-1800-J8-Tsec1	Max	752972ed2c0dd7e7
audio-32000-J9-Q8	coefs	4b410e91fef42746
audio-32000-J9-Q8	Mean	97168ad93030ed48
audio-32000-J9-Q8	Sd	37de539975d3ce19
audio-32000-J9-Q8	Median	53d4ef337a06120b
audio-32000-J9-Q8	Max	a443bdcaf1ce2bd3
global-2048-J6	coefs	0963e3056c885568
unaveraged-1500-J6	coefs	391ed21e7899dc18
strided-4096-J7	coefs	b1c600416c86da1f
strided-4096-J7	Mean	f81a0366037f5389
strided-4096-J7	Sd	5740cc9772361002
strided-4096-J7	Median	bce8ff53aabcf6e6
strided-4096-J7	Max	6ca315bc6929bd09
order1-3000-J6-Q12	coefs	0aef874d50913e0f
jtfs-time-4096-J6	shape	7545de71a8e6f825
jtfs-time-4096-J6	coefs	fc42a3572f2ec67a
jtfs-joint-4096-J6	shape	ee0bf57ea79e8a20
jtfs-joint-4096-J6	coefs	e7a111c129bc7be7
jtfs-F0-4096-J6	shape	5701466f0237c468
jtfs-F0-4096-J6	coefs	cd58997ef232408f
jtfs-speech-16000-J10	shape	ee0735a1b3ac3f89
jtfs-speech-16000-J10	coefs	f1044cea985d1b29
jtfs-video-900-J7	s1	9b44655e677a0dfb
jtfs-video-900-J7	renorm	e740f29d37410ab6
